diagram,split,stratum,n_bins,strategy,bin,lo,hi,n,predicted,empirical,gap,emp_lo,emp_hi,n_boot
baseline_biased,training,all,10,uniform,0,0.0,0.1,8878,0.0731727129936778,0.0948411804460464,0.02166846745236861,0.08269587106557261,0.10790150961533097,2000
baseline_biased,training,all,10,uniform,1,0.1,0.2,8026,0.1567571038629061,0.3879890356341889,0.23123193177128282,0.3715215480288961,0.4043284881461329,2000
baseline_biased,training,all,10,uniform,2,0.2,0.30000000000000004,13238,0.25620456989880924,0.4793775494787732,0.22317297957996396,0.4673396449097137,0.4924050044397461,2000
baseline_biased,training,all,10,uniform,3,0.30000000000000004,0.4,23416,0.3192912898518456,0.5765715749914588,0.2572802851396132,0.5626422392226436,0.5904390303243527,2000
baseline_biased,training,all,10,uniform,4,0.4,0.5,1434,0.4661179382192759,0.48326359832635984,0.01714566010708396,0.4508820830437634,0.5160357831862855,2000
baseline_biased,training,all,10,uniform,5,0.5,0.6000000000000001,2782,0.5473204914755102,0.5553558590941768,0.008035367618666633,0.5335268087889368,0.5780792511261261,2000
baseline_biased,training,all,10,uniform,6,0.6000000000000001,0.7000000000000001,17543,0.6529106916266602,0.664994584734652,0.01208389310799185,0.6491508762530025,0.6811039084988645,2000
baseline_biased,training,all,10,uniform,7,0.7000000000000001,0.8,5712,0.7610040784858573,0.5906862745098039,-0.17031780397605334,0.5707801612741594,0.6093054041374985,2000
baseline_biased,training,all,10,uniform,8,0.8,0.9,22471,0.8585557386535597,0.6682835654844022,-0.19027217316915757,0.6581064943427529,0.6779817222152543,2000
baseline_biased,training,all,10,uniform,9,0.9,1.0,43317,0.9178339406986524,0.8021331117113374,-0.11570082898731504,0.7930125078635908,0.8109037835858005,2000
doubled,training,all,10,uniform,0,0.0,0.1,52195,0.08063635476030931,0.18034294472650636,0.09970658996619705,0.1724422143093726,0.18849286013757507,2000
doubled,training,all,10,uniform,1,0.1,0.2,30497,0.1454741945869935,0.34652588779224186,0.20105169320524835,0.336995180737988,0.3561234795437603,2000
doubled,training,all,10,uniform,2,0.2,0.30000000000000004,18950,0.2510174564648665,0.4582585751978892,0.2072411187330227,0.44774119088300324,0.46943332369162655,2000
doubled,training,all,10,uniform,3,0.30000000000000004,0.4,40959,0.3311973578447794,0.47310725359505845,0.14190989575027907,0.4605940227529925,0.4846671914188508,2000
doubled,training,all,10,uniform,4,0.4,0.5,4216,0.45725035961137867,0.4577798861480076,0.0005295265366289104,0.43966011029411767,0.4769307458888864,2000
doubled,training,all,10,uniform,5,0.5,0.6000000000000001,4216,0.5427496403886214,0.5422201138519924,-0.0005295265366289659,0.5230692541111136,0.5603398897058823,2000
doubled,training,all,10,uniform,6,0.6000000000000001,0.7000000000000001,40959,0.6688026421552206,0.5268927464049415,-0.141909895750279,0.5153328085811493,0.5394059772470075,2000
doubled,training,all,10,uniform,7,0.7000000000000001,0.8,18950,0.7489825435351335,0.5417414248021108,-0.20724111873302264,0.5305666763083734,0.5522588091169967,2000
doubled,training,all,10,uniform,8,0.8,0.9,30497,0.8545258054130065,0.6534741122077582,-0.2010516932052483,0.6438765204562397,0.6630048192620119,2000
doubled,training,all,10,uniform,9,0.9,1.0,52195,0.9193636452396907,0.8196570552734936,-0.09970658996619708,0.8115071398624248,0.8275577856906274,2000
doubled,training,all,20,uniform,0,0.0,0.05,494,0.04998982254288851,0.1862348178137652,0.1362449952708767,0.15501135747498482,0.21985224381216747,500
doubled,training,all,20,uniform,1,0.05,0.1,51701,0.08092918056475035,0.18028664822730703,0.09935746766255668,0.17278632484269774,0.188303809174432,500
doubled,training,all,20,uniform,2,0.1,0.15000000000000002,17456,0.12291992220373021,0.29359532538955085,0.17067540318582064,0.2829638250469974,0.30496935685007875,500
doubled,training,all,20,uniform,3,0.15000000000000002,0.2,13041,0.1756641630497068,0.4173759681006058,0.24171180505089898,0.4068183061352395,0.4295979783770411,500
doubled,training,all,20,uniform,4,0.2,0.25,9118,0.2224157226713365,0.422680412371134,0.20026468969979752,0.40926129890066454,0.43606320872188575,500
doubled,training,all,20,uniform,5,0.25,0.30000000000000004,9832,0.2775421318848631,0.49125305126118796,0.21371091937632486,0.4792377917238962,0.5047685087920671,500
doubled,training,all,20,uniform,6,0.30000000000000004,0.35000000000000003,32531,0.3218120494309754,0.5175985982601211,0.1957865488291457,0.5044651659749864,0.53021554221791,500
doubled,training,all,20,uniform,7,0.35000000000000003,0.4,8428,0.36742344564846435,0.30137636449928806,-0.06604708114917629,0.2859140544306323,0.3180148654055995,500
doubled,training,all,20,uniform,8,0.4,0.45,1760,0.4224580132362448,0.4596590909090909,0.03720107767284608,0.43208927338073977,0.48727526185469766,500
doubled,training,all,20,uniform,9,0.45,0.5,2456,0.4821829856782498,0.4564332247557003,-0.02574976092254949,0.4339783721476967,0.4822468398821677,500
doubled,training,all,20,uniform,10,0.5,0.55,2456,0.5178170143217502,0.5435667752442996,0.025749760922549436,0.5177531601178322,0.5660216278523033,500
doubled,training,all,20,uniform,11,0.55,0.6000000000000001,1760,0.5775419867637551,0.540340909090909,-0.03720107767284608,0.5127247381453024,0.5679107266192602,500
doubled,training,all,20,uniform,12,0.6000000000000001,0.65,8428,0.6325765543515356,0.6986236355007119,0.06604708114917635,0.6819851345944005,0.7140859455693677,500
doubled,training,all,20,uniform,13,0.65,0.7000000000000001,32531,0.6781879505690247,0.4824014017398789,-0.1957865488291458,0.46978445778208994,0.49553483402501364,500
doubled,training,all,20,uniform,14,0.7000000000000001,0.75,9832,0.7224578681151369,0.508746948738812,-0.21371091937632491,0.49523149120793286,0.5207622082761039,500
doubled,training,all,20,uniform,15,0.75,0.8,9118,0.7775842773286635,0.5773195876288659,-0.2002646896997976,0.5639367912781142,0.5907387010993355,500
doubled,training,all,20,uniform,16,0.8,0.8500000000000001,13041,0.824335836950293,0.5826240318993943,-0.24171180505089873,0.5704020216229589,0.5931816938647604,500
doubled,training,all,20,uniform,17,0.8500000000000001,0.9,17456,0.8770800777962697,0.7064046746104491,-0.17067540318582064,0.6950306431499212,0.7170361749530025,500
doubled,training,all,20,uniform,18,0.9,0.9500000000000001,51723,0.9190839749361375,0.8193646926899059,-0.09971928224623161,0.8113784592559664,0.8268508584481192,500
doubled,training,all,20,uniform,19,0.9500000000000001,1.0,472,0.9500106518301121,0.8516949152542372,-0.09831573657587489,0.8202547770700637,0.8811594053367451,500
doubled,training,all,50,uniform,2,0.04,0.06,3132,0.052213080121659323,0.1446360153256705,0.09242293520401118,0.1304392108744604,0.16166658764887223,500
doubled,training,all,50,uniform,3,0.06,0.08,16362,0.07163069100771506,0.13708593081530376,0.0654552398075887,0.12764499769597742,0.14575532196687763,500
doubled,training,all,50,uniform,4,0.08,0.1,32701,0.087864646448276,0.20540656249044373,0.11754191604216772,0.1963151931326164,0.21505275502883442,500
doubled,training,all,50,uniform,5,0.1,0.12,8259,0.10949550252958423,0.2746095168906647,0.16511401436108047,0.261137400474405,0.288449920603293,500
doubled,training,all,50,uniform,6,0.12,0.14,6091,0.1299395157783078,0.2863240847151535,0.1563845689368457,0.27061998180834934,0.3008933572002478,500
doubled,training,all,50,uniform,7,0.14,0.16,5630,0.14948004902432047,0.3719360568383659,0.22245600781404543,0.3561291634716281,0.3898825602722513,500
doubled,training,all,50,uniform,8,0.16,0.18,3653,0.16980452334921414,0.37092800437996165,0.2011234810307475,0.35119840043525574,0.3901295052293846,500
doubled,training,all,50,uniform,9,0.18,0.2,6864,0.1863159916259366,0.45265151515151514,0.26633552352557854,0.4383996866997833,0.4679050305372985,500
doubled,training,all,50,uniform,10,0.2,0.22,4435,0.20904452029483925,0.42841037204058624,0.219365851745747,0.4101934523809524,0.4474475442455056,500
doubled,training,all,50,uniform,11,0.22,0.24,3182,0.23042851156980393,0.40320553111250784,0.1727770195427039,0.3863487179292211,0.42371191646098116,500
doubled,training,all,50,uniform,12,0.24,0.26,2938,0.24983722320296414,0.4530292716133424,0.20319204841037825,0.432328780963654,0.47587859349665224,500
doubled,training,all,50,uniform,13,0.26,0.28,3700,0.27017221024237487,0.49135135135135133,0.22117914110897646,0.4746854884479622,0.5096231010368941,500
doubled,training,all,50,uniform,14,0.28,0.3,4695,0.2902632351479012,0.5009584664536741,0.21069523130577295,0.4848819752473712,0.5193697782701354,500
doubled,training,all,50,uniform,15,0.3,0.32,16546,0.3140033343759972,0.5951891695878158,0.28118583521181856,0.5820017007794178,0.6101203092568451,500
doubled,training,all,50,uniform,16,0.32,0.34,12976,0.32633064579581766,0.5043927250308261,0.17806207923500844,0.48306775690318304,0.5258631060792234,500
doubled,training,all,50,uniform,17,0.34,0.36,6149,0.35016163093212205,0.19369003089933323,-0.15647160003278882,0.17811523963076514,0.20930608728293068,500
doubled,training,all,50,uniform,18,0.36,0.38,3648,0.3689648302228086,0.31414473684210525,-0.05482009338070337,0.29534214049357144,0.3354473153789419,500
doubled,training,all,50,uniform,19,0.38,0.4,1640,0.38806059773055807,0.3951219512195122,0.007061353488954147,0.36776894946534694,0.4231080819841152,500
doubled,training,all,50,uniform,20,0.4,0.42,741,0.409236723446192,0.4493927125506073,0.04015598910441531,0.41246341120940133,0.48779321131035336,500
doubled,training,all,50,uniform,21,0.42,0.44,833,0.429295976953232,0.48619447779111646,0.05689850083788445,0.44732530154199196,0.5231968230806645,500
doubled,training,all,50,uniform,22,0.44,0.46,335,0.4490702404108832,0.44477611940298506,-0.004294121007898166,0.3812307692307692,0.5014433503676928,500
doubled,training,all,50,uniform,23,0.46,0.48,766,0.4741471695040862,0.4751958224543081,0.0010486529502218844,0.43316253762184986,0.5201415107458472,500
doubled,training,all,50,uniform,24,0.48,0.5,1541,0.48882822379502017,0.4406229720960415,-0.04820525169897866,0.41377820939696636,0.47078063152396576,500
doubled,training,all,50,uniform,25,0.5,0.52,1541,0.5111717762049799,0.5593770279039585,0.0482052516989786,0.5292193684760342,0.5862217906030337,500
doubled,training,all,50,uniform,26,0.52,0.54,766,0.5258528304959138,0.5248041775456919,-0.00104865295022194,0.4798584892541527,0.5668374623781501,500
doubled,training,all,50,uniform,27,0.54,0.56,335,0.5509297595891168,0.5552238805970149,0.004294121007898055,0.4985566496323071,0.6187692307692307,500
doubled,training,all,50,uniform,28,0.56,0.58,833,0.570704023046768,0.5138055222088835,-0.0568985008378845,0.47680317691933544,0.552674698458008,500
doubled,training,all,50,uniform,29,0.58,0.6,741,0.590763276553808,0.5506072874493927,-0.04015598910441531,0.5122067886896466,0.5875365887905987,500
doubled,training,all,50,uniform,30,0.6,0.62,1640,0.6119394022694419,0.6048780487804878,-0.007061353488954092,0.5768919180158848,0.632231050534653,500
doubled,training,all,50,uniform,31,0.62,0.64,3648,0.6310351697771913,0.6858552631578947,0.05482009338070337,0.6645526846210581,0.7046578595064286,500
doubled,training,all,50,uniform,32,0.64,0.66,6149,0.649838369067878,0.8063099691006668,0.15647160003278882,0.7906939127170693,0.8218847603692349,500
doubled,training,all,50,uniform,33,0.66,0.68,12976,0.6736693542041822,0.49560727496917384,-0.17806207923500833,0.4741368939207766,0.516932243096817,500
doubled,training,all,50,uniform,34,0.68,0.7000000000000001,16546,0.6859966656240027,0.4048108304121842,-0.28118583521181856,0.38987969074315487,0.4179982992205822,500
doubled,training,all,50,uniform,35,0.7000000000000001,0.72,4695,0.7097367648520988,0.49904153354632586,-0.21069523130577295,0.4806302217298646,0.5151180247526288,500
doubled,training,all,50,uniform,36,0.72,0.74,3700,0.7298277897576251,0.5086486486486487,-0.2211791411089764,0.4903768989631058,0.5253145115520378,500
doubled,training,all,50,uniform,37,0.74,0.76,2938,0.7501627767970359,0.5469707283866576,-0.2031920484103783,0.5241214065033478,0.567671219036346,500
doubled,training,all,50,uniform,38,0.76,0.78,3182,0.7695714884301961,0.5967944688874921,-0.17277701954270397,0.5762880835390188,0.6136512820707789,500
doubled,training,all,50,uniform,39,0.78,0.8,4435,0.7909554797051608,0.5715896279594137,-0.21936585174574708,0.5525524557544944,0.5898065476190476,500
doubled,training,all,50,uniform,40,0.8,0.8200000000000001,6864,0.8136840083740634,0.5473484848484849,-0.26633552352557854,0.5320949694627015,0.5616003133002168,500
doubled,training,all,50,uniform,41,0.8200000000000001,0.84,3653,0.8301954766507859,0.6290719956200383,-0.2011234810307475,0.6098704947706154,0.6488015995647443,500
doubled,training,all,50,uniform,42,0.84,0.86,5630,0.8505199509756795,0.628063943161634,-0.2224560078140454,0.6101174397277487,0.6438708365283718,500
doubled,training,all,50,uniform,43,0.86,0.88,6091,0.8700604842216921,0.7136759152848465,-0.1563845689368456,0.6991066427997522,0.7293800181916507,500
doubled,training,all,50,uniform,44,0.88,0.9,8259,0.8905044974704157,0.7253904831093353,-0.16511401436108042,0.711550079396707,0.7388625995255951,500
doubled,training,all,50,uniform,45,0.9,0.92,32701,0.912135353551724,0.7945934375095562,-0.1175419160421678,0.7849472449711655,0.8036848068673835,500
doubled,training,all,50,uniform,46,0.92,0.9400000000000001,16362,0.9283693089922849,0.8629140691846963,-0.0654552398075886,0.8542446780331223,0.8723550023040225,500
doubled,training,all,50,uniform,47,0.9400000000000001,0.96,3132,0.9477869198783406,0.8553639846743295,-0.09242293520401113,0.8383334123511278,0.8695607891255396,500
doubled,training,all,100,uniform,4,0.04,0.05,494,0.04998982254288851,0.1862348178137652,0.1362449952708767,0.15501135747498482,0.21985224381216747,500
doubled,training,all,100,uniform,5,0.05,0.06,2638,0.05262941417924566,0.13684609552691432,0.08421668134766866,0.1222001285936187,0.15363997189041498,500
doubled,training,all,100,uniform,6,0.06,0.07,6365,0.06530057645880803,0.09033778476040849,0.025037208301600458,0.08020059505074754,0.1002614185721361,500
doubled,training,all,100,uniform,7,0.07,0.08,9997,0.07566101801619692,0.16685005501650496,0.09118903700030805,0.15423497756075813,0.17859861591924092,500
doubled,training,all,100,uniform,8,0.08,0.09,23110,0.08554564838579859,0.1906966681090437,0.10515101972324511,0.18089942835915604,0.20131967270951265,500
doubled,training,all,100,uniform,9,0.09,0.1,9591,0.09345238966836283,0.24085079762277134,0.1473984079544085,0.2261931997273772,0.25795687143251955,500
doubled,training,all,100,uniform,10,0.1,0.11,4355,0.10470674897735421,0.2785304247990815,0.1738236758217273,0.2620284805498762,0.2956058777980647,500
doubled,training,all,100,uniform,11,0.11,0.12,3904,0.11483746506031217,0.2702356557377049,0.15539819067739274,0.251994751062262,0.28715964987586723,500
doubled,training,all,100,uniform,12,0.12,0.13,3022,0.12476840268732911,0.27829252150893447,0.15352411882160535,0.25825529588667173,0.29694592166288875,500
doubled,training,all,100,uniform,13,0.13,0.14,3069,0.1350314361956873,0.29423264907135877,0.15920121287567146,0.2741525529820076,0.3178300636408906,500
doubled,training,all,100,uniform,14,0.14,0.15,3106,0.14485035930161155,0.3583386992916935,0.21348833999008193,0.3370532154318501,0.3834891685643479,500
doubled,training,all,100,uniform,15,0.15,0.16,2524,0.15517728209830384,0.3886687797147385,0.23349149761643467,0.3696027339209609,0.4131706036006884,500
doubled,training,all,100,uniform,16,0.16,0.17,1891,0.1650155698239032,0.3617133791644632,0.19669780934056003,0.3364998838891767,0.38626334401407864,500
doubled,training,all,100,uniform,17,0.17,0.18,1762,0.17494408697938615,0.38081725312145287,0.20587316614206672,0.35740508104548063,0.4045913005496822,500
doubled,training,all,100,uniform,18,0.18,0.19,4807,0.1825913310844928,0.4782608695652174,0.29566953848072464,0.46031898962980533,0.49587373089170567,500
doubled,training,all,100,uniform,19,0.19,0.2,2057,0.1950201448698453,0.3928050559066602,0.1977849110368149,0.36984344675672975,0.4167080467976525,500
doubled,training,all,100,uniform,20,0.2,0.21,2635,0.20505887038803172,0.43111954459203033,0.2260606742039986,0.40867414562247106,0.45476557241657367,500
doubled,training,all,100,uniform,21,0.21,0.22,1800,0.21487906890841582,0.42444444444444446,0.20956537553602864,0.39850159953612685,0.44992862598948963,500
doubled,training,all,100,uniform,22,0.22,0.23,1459,0.2250955152149454,0.4043865661411926,0.17929105092624723,0.38028618188251945,0.4284214620361343,500
doubled,training,all,100,uniform,23,0.23,0.24,1723,0.23494438021852046,0.4022054556006965,0.16726107538217602,0.3779970783036299,0.42787454657067914,500
doubled,training,all,100,uniform,24,0.24,0.25,1501,0.24493710059594817,0.447035309793471,0.20209820919752283,0.41607826959166505,0.4757511235452412,500
doubled,training,all,100,uniform,25,0.25,0.26,1437,0.25495558369922794,0.4592901878914405,0.20433460419221255,0.43257884431545224,0.4889869001382397,500
doubled,training,all,100,uniform,26,0.26,0.27,1812,0.2650255716777091,0.5027593818984547,0.23773381022074558,0.4787457478987228,0.5258191844563634,500
doubled,training,all,100,uniform,27,0.27,0.28,1888,0.2751116747970223,0.4804025423728814,0.20529086757585907,0.45636523115024763,0.5047485213716304,500
doubled,training,all,100,uniform,28,0.28,0.29,2203,0.2850946296993637,0.48978665456196097,0.20469202486259724,0.46649158439994853,0.5136069874503769,500
doubled,training,all,100,uniform,29,0.29,0.3,2492,0.294832431698113,0.5108346709470305,0.21600223924891748,0.4920267189622912,0.533442326159408,500
doubled,training,all,100,uniform,30,0.3,0.31,2631,0.3050279202125967,0.508551881413911,0.20352396120131433,0.48672458291388787,0.5328339452796074,500
doubled,training,all,100,uniform,31,0.31,0.32,13915,0.3157003745961845,0.6115702479338843,0.29586987333769976,0.5956808967915823,0.6270564126353309,500
doubled,training,all,100,uniform,32,0.32,0.33,10671,0.32439405774259233,0.5476525161653079,0.22325845842271552,0.5257861900694568,0.5715328744683574,500
doubled,training,all,100,uniform,33,0.33,0.34,2305,0.3352960822886451,0.30412147505422993,-0.031174607234415175,0.27165650667216196,0.3332094397240287,500
doubled,training,all,100,uniform,34,0.34,0.35000000000000003,3009,0.3452649217704494,0.1478896643403124,-0.19737525743013698,0.13013802725601512,0.1674069631628497,500
doubled,training,all,100,uniform,35,0.35000000000000003,0.36,3140,0.3548540506351391,0.2375796178343949,-0.11727443280074418,0.21458182427226744,0.26138943047647173,500
doubled,training,all,100,uniform,36,0.36,0.37,2128,0.36480625512773857,0.28900375939849626,-0.0758024957292423,0.2663931852008016,0.3149334157861281,500
doubled,training,all,100,uniform,37,0.37,0.38,1520,0.3747868353559067,0.3493421052631579,-0.02544473009274878,0.3240644064924305,0.37516335144656593,500
doubled,training,all,100,uniform,38,0.38,0.39,1124,0.3851225612031737,0.3914590747330961,0.006336513529922427,0.36347687412390517,0.4247960294071706,500
doubled,training,all,100,uniform,39,0.39,0.4,516,0.39446050675532573,0.40310077519379844,0.008640268438472709,0.35260369475485753,0.44665790280032824,500
doubled,training,all,100,uniform,40,0.4,0.41000000000000003,427,0.40503897688039125,0.43559718969555034,0.03055821281515908,0.38746220458758107,0.4877479638848858,500
doubled,training,all,100,uniform,41,0.41000000000000003,0.42,314,0.41494512403089534,0.4681528662420382,0.05320774221114288,0.4104473113093803,0.5195473644003056,500
doubled,training,all,100,uniform,42,0.42,0.43,456,0.4245929024487017,0.5131578947368421,0.08856499228814046,0.4655558191018343,0.5665990742543204,500
doubled,training,all,100,uniform,43,0.43,0.44,377,0.43498457635393706,0.4535809018567639,0.01859632550282686,0.39230822518819564,0.5064746782897468,500
doubled,training,all,100,uniform,44,0.44,0.45,186,0.4445061420436583,0.3817204301075269,-0.06278571193613142,0.3105038500167392,0.45559007232084153,500
doubled,training,all,100,uniform,45,0.45,0.46,149,0.454767705486748,0.5234899328859061,0.06872222739915806,0.4362678104100029,0.6019880457380457,500
doubled,training,all,100,uniform,46,0.46,0.47000000000000003,173,0.4651260300987855,0.5028901734104047,0.03776414331161915,0.426522795843111,0.588065953654189,500
doubled,training,all,100,uniform,47,0.47000000000000003,0.48,593,0.4767789690270491,0.4671163575042159,-0.009662611522833209,0.41751062824752005,0.5155081967213114,500
doubled,training,all,100,uniform,48,0.48,0.49,940,0.4849380695356724,0.4351063829787234,-0.04983168655694903,0.4003932800886636,0.47655196050300375,500
doubled,training,all,100,uniform,49,0.49,0.5,601,0.4949126580775275,0.4492512479201331,-0.04566141015739439,0.41191412717590725,0.4926676395749139,500
doubled,training,all,100,uniform,50,0.5,0.51,601,0.5050873419224725,0.5507487520798668,0.04566141015739433,0.507332360425086,0.5880858728240927,500
doubled,training,all,100,uniform,51,0.51,0.52,940,0.5150619304643276,0.5648936170212766,0.04983168655694903,0.5234480394969964,0.5996067199113364,500
doubled,training,all,100,uniform,52,0.52,0.53,593,0.5232210309729509,0.5328836424957841,0.009662611522833209,0.4844918032786885,0.58248937175248,500
doubled,training,all,100,uniform,53,0.53,0.54,173,0.5348739699012146,0.49710982658959535,-0.03776414331161926,0.41193404634581104,0.5734772041568891,500
doubled,training,all,100,uniform,54,0.54,0.55,149,0.5452322945132521,0.47651006711409394,-0.06872222739915812,0.39801195426195424,0.563732189589997,500
doubled,training,all,100,uniform,55,0.55,0.56,186,0.5554938579563417,0.6182795698924731,0.06278571193613147,0.5444099276791584,0.6894961499832608,500
doubled,training,all,100,uniform,56,0.56,0.5700000000000001,377,0.5650154236460628,0.5464190981432361,-0.01859632550282675,0.4935253217102532,0.6076917748118044,500
doubled,training,all,100,uniform,57,0.5700000000000001,0.58,456,0.5754070975512982,0.4868421052631579,-0.08856499228814024,0.4334009257456795,0.5344441808981657,500
doubled,training,all,100,uniform,58,0.58,0.59,314,0.5850548759691047,0.5318471337579618,-0.05320774221114288,0.4804526355996944,0.5895526886906197,500
doubled,training,all,100,uniform,59,0.59,0.6,427,0.5949610231196087,0.5644028103044496,-0.030558212815159136,0.5122520361151142,0.6125377954124189,500
doubled,training,all,100,uniform,60,0.6,0.61,516,0.6055394932446744,0.5968992248062015,-0.008640268438472876,0.5533420971996718,0.6473963052451425,500
doubled,training,all,100,uniform,61,0.61,0.62,1124,0.6148774387968264,0.608540925266904,-0.006336513529922483,0.5752039705928294,0.6365231258760948,500
doubled,training,all,100,uniform,62,0.62,0.63,1520,0.6252131646440934,0.6506578947368421,0.025444730092748724,0.624836648553434,0.6759355935075695,500
doubled,training,all,100,uniform,63,0.63,0.64,2128,0.6351937448722614,0.7109962406015038,0.07580249572924236,0.6850665842138719,0.7336068147991984,500
doubled,training,all,100,uniform,64,0.64,0.65,3140,0.6451459493648609,0.7624203821656051,0.11727443280074423,0.7386105695235282,0.7854181757277325,500
doubled,training,all,100,uniform,65,0.65,0.66,3009,0.6547350782295507,0.8521103356596876,0.19737525743013695,0.8325930368371504,0.8698619727439849,500
doubled,training,all,100,uniform,66,0.66,0.67,2305,0.664703917711355,0.6958785249457701,0.03117460723441512,0.6667905602759713,0.728343493327838,500
doubled,training,all,100,uniform,67,0.67,0.68,10671,0.6756059422574077,0.45234748383469214,-0.22325845842271552,0.4284671255316425,0.47421380993054313,500
doubled,training,all,100,uniform,68,0.68,0.6900000000000001,13915,0.6842996254038155,0.3884297520661157,-0.2958698733376998,0.37294358736466915,0.4043191032084178,500
doubled,training,all,100,uniform,69,0.6900000000000001,0.7000000000000001,2631,0.6949720797874034,0.49144811858608894,-0.20352396120131444,0.4671660547203926,0.5132754170861121,500
doubled,training,all,100,uniform,70,0.7000000000000001,0.71,2492,0.705167568301887,0.4891653290529695,-0.21600223924891748,0.466557673840592,0.5079732810377088,500
doubled,training,all,100,uniform,71,0.71,0.72,2203,0.7149053703006362,0.5102133454380391,-0.20469202486259708,0.486393012549623,0.5335084156000514,500
doubled,training,all,100,uniform,72,0.72,0.73,1888,0.7248883252029776,0.5195974576271186,-0.20529086757585902,0.49525147862836955,0.5436347688497524,500
doubled,training,all,100,uniform,73,0.73,0.74,1812,0.7349744283222909,0.49724061810154524,-0.23773381022074563,0.47418081554363656,0.5212542521012772,500
doubled,training,all,100,uniform,74,0.74,0.75,1437,0.7450444163007722,0.5407098121085595,-0.20433460419221272,0.5110130998617602,0.5674211556845479,500
doubled,training,all,100,uniform,75,0.75,0.76,1501,0.7550628994040518,0.5529646902065289,-0.20209820919752286,0.5242488764547588,0.583921730408335,500
doubled,training,all,100,uniform,76,0.76,0.77,1723,0.7650556197814795,0.5977945443993036,-0.16726107538217594,0.5721254534293209,0.6220029216963702,500
doubled,training,all,100,uniform,77,0.77,0.78,1459,0.7749044847850546,0.5956134338588074,-0.1792910509262472,0.5715785379638657,0.6197138181174805,500
doubled,training,all,100,uniform,78,0.78,0.79,1800,0.7851209310915841,0.5755555555555556,-0.2095653755360285,0.5500713740105104,0.6014984004638732,500
doubled,training,all,100,uniform,79,0.79,0.8,2635,0.7949411296119685,0.5688804554079696,-0.2260606742039989,0.5452344275834263,0.5913258543775289,500
doubled,training,all,100,uniform,80,0.8,0.81,2057,0.8049798551301546,0.6071949440933399,-0.19778491103681473,0.5832919532023475,0.6301565532432702,500
doubled,training,all,100,uniform,81,0.81,0.8200000000000001,4807,0.8174086689155071,0.5217391304347826,-0.2956695384807245,0.5041262691082943,0.5396810103701946,500
doubled,training,all,100,uniform,82,0.8200000000000001,0.8300000000000001,1762,0.8250559130206139,0.6191827468785471,-0.20587316614206674,0.5954086994503178,0.6425949189545194,500
doubled,training,all,100,uniform,83,0.8300000000000001,0.84,1891,0.8349844301760968,0.6382866208355368,-0.19669780934056003,0.6137366559859213,0.6635001161108233,500
doubled,training,all,100,uniform,84,0.84,0.85,2524,0.8448227179016963,0.6113312202852615,-0.23349149761643473,0.5868293963993115,0.6303972660790391,500
doubled,training,all,100,uniform,85,0.85,0.86,3106,0.8551496406983884,0.6416613007083065,-0.21348833999008188,0.6165108314356521,0.6629467845681498,500
doubled,training,all,100,uniform,86,0.86,0.87,3069,0.8649685638043126,0.7057673509286413,-0.15920121287567135,0.6821699363591094,0.7258474470179924,500
doubled,training,all,100,uniform,87,0.87,0.88,3022,0.875231597312671,0.7217074784910655,-0.15352411882160544,0.7030540783371112,0.7417447041133283,500
doubled,training,all,100,uniform,88,0.88,0.89,3904,0.8851625349396879,0.7297643442622951,-0.1553981906773928,0.7128403501241328,0.748005248937738,500
doubled,training,all,100,uniform,89,0.89,0.9,4355,0.8952932510226458,0.7214695752009185,-0.1738236758217273,0.7043941222019353,0.7379715194501237,500
doubled,training,all,100,uniform,90,0.9,0.91,9591,0.906547610331637,0.7591492023772286,-0.1473984079544084,0.7420431285674804,0.7738068002726228,500
doubled,training,all,100,uniform,91,0.91,0.92,23110,0.9144543516142014,0.8093033318909563,-0.10515101972324514,0.7986803272904874,0.8191005716408439,500
doubled,training,all,100,uniform,92,0.92,0.93,9997,0.9243389819838032,0.833149944983495,-0.09118903700030812,0.821401384080759,0.8457650224392419,500
doubled,training,all,100,uniform,93,0.93,0.9400000000000001,6365,0.9346994235411921,0.9096622152395916,-0.0250372083016005,0.8997385814278639,0.9197994049492525,500
doubled,training,all,100,uniform,94,0.9400000000000001,0.9500000000000001,2660,0.9473923328553193,0.856015037593985,-0.09137729526133431,0.838463962357951,0.871116747180499,500
doubled,training,all,100,uniform,95,0.9500000000000001,0.96,472,0.9500106518301121,0.8516949152542372,-0.09831573657587489,0.8202547770700637,0.8811594053367451,500
doubled,training,all,10,quantile,0,0.048811980671438646,0.08513999244432938,29364,0.07330102461474669,0.15702901512055578,0.08372799050580909,0.14815092953268794,0.16426139247963498,500
doubled,training,all,10,quantile,1,0.08513999244432938,0.11540289959453234,29363,0.09390991434526666,0.22579436706058645,0.1318844527153198,0.2160143171832813,0.23651725812901223,500
doubled,training,all,10,quantile,2,0.11540289959453234,0.22685051502814568,29363,0.1661166944103412,0.3755065899260975,0.2093898955157563,0.3660478842530521,0.3848267714609131,500
doubled,training,all,10,quantile,3,0.22685051502814568,0.3191321846701378,29364,0.29204031465294333,0.539367933524043,0.24732761887109966,0.528740418359557,0.5499492671126159,500
doubled,training,all,10,quantile,4,0.3191321846701378,0.5,29363,0.3586948726622496,0.40418213397813574,0.04548726131588615,0.38988098533145715,0.4170609749722525,500
doubled,training,all,10,quantile,5,0.5,0.6808678153298622,29363,0.6413051273377504,0.5958178660218643,-0.045487261315886096,0.5829390250277475,0.6101190146685428,500
doubled,training,all,10,quantile,6,0.6808678153298622,0.7731494849718543,29364,0.7079596853470567,0.46063206647595695,-0.24732761887109972,0.450050732887384,0.471259581640443,500
doubled,training,all,10,quantile,7,0.7731494849718543,0.8845971004054677,29363,0.8338833055896588,0.6244934100739026,-0.20938989551575626,0.615173228539087,0.6339521157469479,500
doubled,training,all,10,quantile,8,0.8845971004054677,0.9148600075556707,29363,0.9060900856547335,0.7742056329394136,-0.1318844527153199,0.7634827418709877,0.7839856828167188,500
doubled,training,all,10,quantile,9,0.9148600075556707,0.9511880193285613,29364,0.9266989753852533,0.8429709848794442,-0.08372799050580904,0.8357386075203651,0.8518490704673121,500
doubled,training,all,20,quantile,0,0.048811980671438646,0.07630968182551946,14682,0.06531275385880336,0.12552785724015803,0.06021510338135466,0.11779284893532879,0.1332119755418518,500
doubled,training,all,20,quantile,1,0.07630968182551946,0.08513999244432938,14682,0.08128929537069,0.18853017300095354,0.10724087763026353,0.17580830450443055,0.1995376437990664,500
doubled,training,all,20,quantile,2,0.08513999244432938,0.0906237201084897,14681,0.08788422401870144,0.18820243852598598,0.10031821450728454,0.1771776263101389,0.20024599921591343,500
doubled,training,all,20,quantile,3,0.0906237201084897,0.11540289959453234,14682,0.09993519425837823,0.263383735185942,0.16344854092756378,0.25072242411658774,0.2768005671872932,500
doubled,training,all,20,quantile,4,0.11540289959453234,0.1665543939997105,14681,0.1387958563147927,0.3226619440092637,0.183866087694471,0.3119406919453423,0.33456235970818377,500
doubled,training,all,20,quantile,5,0.1665543939997105,0.22685051502814568,14682,0.19343567166689674,0.4283476365617763,0.2349119648948796,0.41790966529348267,0.43986502178744286,500
doubled,training,all,20,quantile,6,0.22685051502814568,0.3043494768651721,14682,0.26944189056056744,0.4754120692003814,0.20597017863981398,0.4642118450857083,0.48864302123941683,500
doubled,training,all,20,quantile,7,0.3043494768651721,0.3191321846701378,14682,0.31463873874531917,0.6033237978477046,0.28868505910238546,0.5875565882097029,0.618538636135039,500
doubled,training,all,20,quantile,8,0.3191321846701378,0.3437243167309405,14681,0.3270352056033832,0.4831414753763368,0.1561062697729536,0.4628026061800003,0.5026519584969686,500
doubled,training,all,20,quantile,9,0.3437243167309405,0.5,14682,0.3903523833618285,0.3252281705489715,-0.06512421281285696,0.3125630456591758,0.33960996000219046,500
doubled,training,all,20,quantile,10,0.5,0.6562756832690596,14682,0.6096476166381715,0.6747718294510284,0.06512421281285696,0.6603900399978095,0.6874369543408242,500
doubled,training,all,20,quantile,11,0.6562756832690596,0.6808678153298622,14681,0.6729647943966168,0.5168585246236632,-0.1561062697729536,0.49734804150303136,0.5371973938199996,500
doubled,training,all,20,quantile,12,0.6808678153298622,0.695650523134828,14682,0.6853612612546808,0.3966762021522953,-0.28868505910238546,0.38146136386496093,0.4124434117902971,500
doubled,training,all,20,quantile,13,0.695650523134828,0.7731494849718543,14682,0.7305581094394326,0.5245879307996186,-0.20597017863981393,0.5113569787605832,0.5357881549142917,500
doubled,training,all,20,quantile,14,0.7731494849718543,0.8334456060002895,14661,0.8065258243544516,0.5713798513061865,-0.23514597304826512,0.559928814981243,0.5819398269919304,500
doubled,training,all,20,quantile,15,0.8334456060002895,0.8845971004054677,14702,0.8611644940258831,0.6774588491361719,-0.1837056448897112,0.6656709363441731,0.6879804640583619,500
doubled,training,all,20,quantile,16,0.8845971004054677,0.9093762798915103,14682,0.9000648057416218,0.7366162648140581,-0.16344854092756378,0.7231994328127068,0.7492775758834123,500
doubled,training,all,20,quantile,17,0.9093762798915103,0.9148600075556707,14681,0.9121157759812986,0.811797561474014,-0.10031821450728451,0.7997540007840865,0.8228223736898611,500
doubled,training,all,20,quantile,18,0.9148600075556707,0.9236903181744807,14682,0.9187107046293099,0.8114698269990465,-0.10724087763026346,0.8004623562009335,0.8241916954955695,500
doubled,training,all,20,quantile,19,0.9236903181744807,0.9511880193285613,14682,0.9346872461411966,0.874472142759842,-0.06021510338135461,0.8667880244581482,0.8822071510646712,500
doubled_run1,training,1,10,uniform,0,0.0,0.1,11126,0.08149136654519412,0.3559230630954521,0.27443169655025795,0.33957302456027233,0.3718101017714451,2000
doubled_run1,training,1,10,uniform,1,0.1,0.2,12503,0.15143124106423497,0.4296568823482364,0.2782256412840014,0.41552777549459297,0.4431840391161997,2000
doubled_run1,training,1,10,uniform,2,0.2,0.30000000000000004,11050,0.25322338445579995,0.5182805429864253,0.2650571585306254,0.5052044233335741,0.5326032566714817,2000
doubled_run1,training,1,10,uniform,3,0.30000000000000004,0.4,16774,0.3186402479518965,0.6644211279360915,0.34578087998419504,0.6515266285637707,0.6772393655541009,2000
doubled_run1,training,1,10,uniform,6,0.6000000000000001,0.7000000000000001,16774,0.6813597520481035,0.3355788720639084,-0.3457808799841951,0.32276063444589903,0.3484733714362293,2000
doubled_run1,training,1,10,uniform,7,0.7000000000000001,0.8,11050,0.7467766155442,0.48171945701357466,-0.2650571585306254,0.4673967433285183,0.49479557666642593,2000
doubled_run1,training,1,10,uniform,8,0.8,0.9,12503,0.8485687589357649,0.5703431176517636,-0.2782256412840013,0.5568159608838004,0.584472224505407,2000
doubled_run1,training,1,10,uniform,9,0.9,1.0,11126,0.9185086334548059,0.6440769369045479,-0.274431696550258,0.628189898228555,0.6604269754397276,2000
doubled_run2,training,2,10,uniform,0,0.0,0.1,6351,0.07890421349763331,0.26310817194142655,0.18420395844379323,0.24949194830951874,0.27687371404873823,2000
doubled_run2,training,2,10,uniform,1,0.1,0.2,5612,0.14786752673033285,0.3781183178902352,0.23025079115990235,0.36375300976118224,0.39295598635024453,2000
doubled_run2,training,2,10,uniform,2,0.2,0.30000000000000004,3507,0.25004326039452957,0.43256344453949247,0.1825201841449629,0.414231479192997,0.4510336102689397,2000
doubled_run2,training,2,10,uniform,3,0.30000000000000004,0.4,7678,0.33395005170759307,0.49674394373534775,0.16279389202775468,0.4821225547197812,0.5106830605390561,2000
doubled_run2,training,2,10,uniform,4,0.4,0.5,1977,0.46191618255196915,0.46079919069296915,-0.0011169918589999939,0.43492323444313136,0.48543699221157616,2000
doubled_run2,training,2,10,uniform,5,0.5,0.6000000000000001,1977,0.5380838174480308,0.5392008093070308,0.0011169918590000494,0.5145630077884238,0.5650767655568687,2000
doubled_run2,training,2,10,uniform,6,0.6000000000000001,0.7000000000000001,7678,0.6660499482924069,0.5032560562646523,-0.16279389202775463,0.4893169394609439,0.5178774452802187,2000
doubled_run2,training,2,10,uniform,7,0.7000000000000001,0.8,3507,0.7499567396054704,0.5674365554605075,-0.18252018414496285,0.5489663897310603,0.585768520807003,2000
doubled_run2,training,2,10,uniform,8,0.8,0.9,5612,0.8521324732696671,0.6218816821097648,-0.23025079115990232,0.6070440136497554,0.6362469902388177,2000
doubled_run2,training,2,10,uniform,9,0.9,1.0,6351,0.9210957865023668,0.7368918280585735,-0.18420395844379334,0.7231262859512618,0.7505080516904813,2000
doubled_run3-4,training,3-4,10,uniform,0,0.0,0.1,7962,0.08053652388181116,0.19894498869630747,0.11840846481449631,0.18844463391669167,0.20986576836031987,2000
doubled_run3-4,training,3-4,10,uniform,1,0.1,0.2,5471,0.14215380899548163,0.32133065253152987,0.17917684353604824,0.30697275094830534,0.33488401244484456,2000
doubled_run3-4,training,3-4,10,uniform,2,0.2,0.30000000000000004,2656,0.24784514754476386,0.3693524096385542,0.12150726209379034,0.34933685969627154,0.38949875515059773,2000
doubled_run3-4,training,3-4,10,uniform,3,0.30000000000000004,0.4,7015,0.33836569285116,0.38902352102637205,0.05065782817521203,0.37555497991201126,0.4014365154199764,2000
doubled_run3-4,training,3-4,10,uniform,4,0.4,0.5,1248,0.4557380321209945,0.4831730769230769,0.02743504480208242,0.45371103645561334,0.5117036976431738,2000
doubled_run3-4,training,3-4,10,uniform,5,0.5,0.6000000000000001,1248,0.5442619678790055,0.5168269230769231,-0.027435044802082365,0.48829630235682614,0.5462889635443867,2000
doubled_run3-4,training,3-4,10,uniform,6,0.6000000000000001,0.7000000000000001,7015,0.66163430714884,0.610976478973628,-0.05065782817521203,0.5985634845800237,0.6244450200879886,2000
doubled_run3-4,training,3-4,10,uniform,7,0.7000000000000001,0.8,2656,0.7521548524552362,0.6306475903614458,-0.12150726209379037,0.6105012448494023,0.6506631403037285,2000
doubled_run3-4,training,3-4,10,uniform,8,0.8,0.9,5471,0.8578461910045182,0.6786693474684701,-0.17917684353604812,0.6651159875551553,0.6930272490516947,2000
doubled_run3-4,training,3-4,10,uniform,9,0.9,1.0,7962,0.9194634761181888,0.8010550113036925,-0.1184084648144963,0.7901342316396801,0.8115553660833084,2000
doubled_run5-9,training,5-9,10,uniform,0,0.0,0.1,10103,0.08050602071362284,0.1267940215777492,0.04628800086412635,0.11929237900577279,0.13452972896841917,2000
doubled_run5-9,training,5-9,10,uniform,1,0.1,0.2,4366,0.1389261296622857,0.24507558405863492,0.10614945439634921,0.23146734247339393,0.25894224352754197,2000
doubled_run5-9,training,5-9,10,uniform,2,0.2,0.30000000000000004,1337,0.2444489736104649,0.2991772625280479,0.054728288917582996,0.27284399089811456,0.3271097985752112,2000
doubled_run5-9,training,5-9,10,uniform,3,0.30000000000000004,0.4,5037,0.34304516552667563,0.2624578121897955,-0.08058735333688011,0.2479425053157014,0.27641691559207304,2000
doubled_run5-9,training,5-9,10,uniform,4,0.4,0.5,761,0.4483174067703597,0.42706964520367935,-0.021247761566680345,0.3885956877820491,0.4644815548251434,2000
doubled_run5-9,training,5-9,10,uniform,5,0.5,0.6000000000000001,761,0.5516825932296404,0.5729303547963206,0.02124776156668018,0.5355184451748566,0.6114043122179508,2000
doubled_run5-9,training,5-9,10,uniform,6,0.6000000000000001,0.7000000000000001,5037,0.6569548344733244,0.7375421878102045,0.08058735333688016,0.723583084407927,0.7520574946842986,2000
doubled_run5-9,training,5-9,10,uniform,7,0.7000000000000001,0.8,1337,0.755551026389535,0.7008227374719521,-0.05472828891758286,0.6728902014247888,0.7271560091018853,2000
doubled_run5-9,training,5-9,10,uniform,8,0.8,0.9,4366,0.8610738703377143,0.7549244159413651,-0.10614945439634926,0.741057756472458,0.768532657526606,2000
doubled_run5-9,training,5-9,10,uniform,9,0.9,1.0,10103,0.919493979286377,0.8732059784222508,-0.04628800086412621,0.8654702710315809,0.8807076209942272,2000
doubled_run10+,training,10+,10,uniform,0,0.0,0.1,16653,0.08085250718743368,0.055065153425809164,-0.02578735376162452,0.051460485968716,0.05890318492729421,2000
doubled_run10+,training,10+,10,uniform,1,0.1,0.2,2545,0.12930222953358125,0.09666011787819254,-0.03264211165538872,0.0849340139442231,0.1102756095286933,2000
doubled_run10+,training,10+,10,uniform,2,0.2,0.30000000000000004,400,0.24163924493232802,0.1475,-0.09413924493232803,0.11571866737961561,0.18502351363602018,2000
doubled_run10+,training,10+,10,uniform,3,0.30000000000000004,0.4,4455,0.34905021991011315,0.08260381593714927,-0.2664464039729639,0.0733034191179477,0.09244151723372766,2000
doubled_run10+,training,10+,10,uniform,4,0.4,0.5,230,0.45490701120471577,0.39565217391304347,-0.0592548372916723,0.2935641135054406,0.5038145410414826,2000
doubled_run10+,training,10+,10,uniform,5,0.5,0.6000000000000001,230,0.5450929887952842,0.6043478260869565,0.05925483729167225,0.49618545895851723,0.7064358864945594,2000
doubled_run10+,training,10+,10,uniform,6,0.6000000000000001,0.7000000000000001,4455,0.6509497800898869,0.9173961840628507,0.2664464039729638,0.9075584827662724,0.9266965808820523,2000
doubled_run10+,training,10+,10,uniform,7,0.7000000000000001,0.8,400,0.758360755067672,0.8525,0.09413924493232806,0.8149764863639798,0.8842813326203844,2000
doubled_run10+,training,10+,10,uniform,8,0.8,0.9,2545,0.8706977704664187,0.9033398821218075,0.03264211165538877,0.8897243904713067,0.9150659860557768,2000
doubled_run10+,training,10+,10,uniform,9,0.9,1.0,16653,0.9191474928125664,0.9449348465741908,0.025787353761624443,0.9410968150727058,0.948539514031284,2000
doubled_eda,eda,all,10,uniform,0,0.0,0.1,18441,0.07888547940736623,0.18534786616777832,0.10646238676041209,0.17078091581386284,0.1999460580912863,2000
doubled_eda,eda,all,10,uniform,1,0.1,0.2,10728,0.15371554991676362,0.3996085011185682,0.2458929512018046,0.38257891873581384,0.41737093494507965,2000
doubled_eda,eda,all,10,uniform,2,0.2,0.30000000000000004,7054,0.24669965438969566,0.48979302523390983,0.24309337084421417,0.4720064855875831,0.5077810496343959,2000
doubled_eda,eda,all,10,uniform,3,0.30000000000000004,0.4,11692,0.3309304399610846,0.4987170715018816,0.16778663154079698,0.4779071839117015,0.5197731337049172,2000
doubled_eda,eda,all,10,uniform,4,0.4,0.5,1189,0.4476891086887969,0.4726661059714045,0.024976997282607605,0.4391998775153106,0.5067648350200873,2000
doubled_eda,eda,all,10,uniform,5,0.5,0.6000000000000001,1189,0.552310891311203,0.5273338940285954,-0.024976997282607605,0.4932351649799126,0.5608001224846894,2000
doubled_eda,eda,all,10,uniform,6,0.6000000000000001,0.7000000000000001,11692,0.6690695600389154,0.5012829284981184,-0.16778663154079698,0.4802268662950828,0.5220928160882984,2000
doubled_eda,eda,all,10,uniform,7,0.7000000000000001,0.8,7054,0.7533003456103043,0.5102069747660901,-0.24309337084421423,0.49221895036560415,0.5279935144124168,2000
doubled_eda,eda,all,10,uniform,8,0.8,0.9,10728,0.8462844500832363,0.6003914988814317,-0.24589295120180454,0.5826290650549204,0.6174210812641862,2000
doubled_eda,eda,all,10,uniform,9,0.9,1.0,18441,0.9211145205926338,0.8146521338322217,-0.10646238676041209,0.8000539419087137,0.8292190841861371,2000
